Team,Season,Team Mapped
Atlanta Hawks,2001,Atlanta Hawks
Boston Celtics,2001,Boston Celtics
Charlotte Hornets,2001,New Orleans Pelicans
Chicago Bulls,2001,Chicago Bulls
Cleveland Cavaliers,2001,Cleveland Cavaliers
Dallas Mavericks,2001,Dallas Mavericks
Denver Nuggets,2001,Denver Nuggets
Detroit Pistons,2001,Detroit Pistons
Golden State Warriors,2001,Golden State Warriors
Houston Rockets,2001,Houston Rockets
Indiana Pacers,2001,Indiana Pacers
Los Angeles Clippers,2001,Los Angeles Clippers
Los Angeles Lakers,2001,Los Angeles Lakers
Miami Heat,2001,Miami Heat
Milwaukee Bucks,2001,Milwaukee Bucks
Minnesota Timberwolves,2001,Minnesota Timberwolves
New Jersey Nets,2001,Brooklyn Nets
New York Knicks,2001,New York Knicks
Orlando Magic,2001,Orlando Magic
Philadelphia 76ers,2001,Philadelphia 76ers
Phoenix Suns,2001,Phoenix Suns
Portland Trail Blazers,2001,Portland Trail Blazers
Sacramento Kings,2001,Sacramento Kings
San Antonio Spurs,2001,San Antonio Spurs
Seattle SuperSonics,2001,Oklahoma City Thunder
Toronto Raptors,2001,Toronto Raptors
Utah Jazz,2001,Utah Jazz
Vancouver Grizzlies,2001,Memphis Grizzlies
Washington Wizards,2001,Washington Wizards
Atlanta Hawks,2002,Atlanta Hawks
Boston Celtics,2002,Boston Celtics
Charlotte Hornets,2002,New Orleans Pelicans
Chicago Bulls,2002,Chicago Bulls
Cleveland Cavaliers,2002,Cleveland Cavaliers
Dallas Mavericks,2002,Dallas Mavericks
Denver Nuggets,2002,Denver Nuggets
Detroit Pistons,2002,Detroit Pistons
Golden State Warriors,2002,Golden State Warriors
Houston Rockets,2002,Houston Rockets
Indiana Pacers,2002,Indiana Pacers
Los Angeles Clippers,2002,Los Angeles Clippers
Los Angeles Lakers,2002,Los Angeles Lakers
Memphis Grizzlies,2002,Memphis Grizzlies
Miami Heat,2002,Miami Heat
Milwaukee Bucks,2002,Milwaukee Bucks
Minnesota Timberwolves,2002,Minnesota Timberwolves
New Jersey Nets,2002,Brooklyn Nets
New York Knicks,2002,New York Knicks
Orlando Magic,2002,Orlando Magic
Philadelphia 76ers,2002,Philadelphia 76ers
Phoenix Suns,2002,Phoenix Suns
Portland Trail Blazers,2002,Portland Trail Blazers
Sacramento Kings,2002,Sacramento Kings
San Antonio Spurs,2002,San Antonio Spurs
Seattle SuperSonics,2002,Oklahoma City Thunder
Toronto Raptors,2002,Toronto Raptors
Utah Jazz,2002,Utah Jazz
Washington Wizards,2002,Washington Wizards
Atlanta Hawks,2003,Atlanta Hawks
Boston Celtics,2003,Boston Celtics
Chicago Bulls,2003,Chicago Bulls
Cleveland Cavaliers,2003,Cleveland Cavaliers
Dallas Mavericks,2003,Dallas Mavericks
Denver Nuggets,2003,Denver Nuggets
Detroit Pistons,2003,Detroit Pistons
Golden State Warriors,2003,Golden State Warriors
Houston Rockets,2003,Houston Rockets
Indiana Pacers,2003,Indiana Pacers
Los Angeles Clippers,2003,Los Angeles Clippers
Los Angeles Lakers,2003,Los Angeles Lakers
Memphis Grizzlies,2003,Memphis Grizzlies
Miami Heat,2003,Miami Heat
Milwaukee Bucks,2003,Milwaukee Bucks
Minnesota Timberwolves,2003,Minnesota Timberwolves
New Jersey Nets,2003,Brooklyn Nets
New Orleans Hornets,2003,New Orleans Pelicans
New York Knicks,2003,New York Knicks
Orlando Magic,2003,Orlando Magic
Philadelphia 76ers,2003,Philadelphia 76ers
Phoenix Suns,2003,Phoenix Suns
Portland Trail Blazers,2003,Portland Trail Blazers
Sacramento Kings,2003,Sacramento Kings
San Antonio Spurs,2003,San Antonio Spurs
Seattle SuperSonics,2003,Oklahoma City Thunder
Toronto Raptors,2003,Toronto Raptors
Utah Jazz,2003,Utah Jazz
Washington Wizards,2003,Washington Wizards
Atlanta Hawks,2004,Atlanta Hawks
Boston Celtics,2004,Boston Celtics
Chicago Bulls,2004,Chicago Bulls
Cleveland Cavaliers,2004,Cleveland Cavaliers
Dallas Mavericks,2004,Dallas Mavericks
Denver Nuggets,2004,Denver Nuggets
Detroit Pistons,2004,Detroit Pistons
Golden State Warriors,2004,Golden State Warriors
Houston Rockets,2004,Houston Rockets
Indiana Pacers,2004,Indiana Pacers
Los Angeles Clippers,2004,Los Angeles Clippers
Los Angeles Lakers,2004,Los Angeles Lakers
Memphis Grizzlies,2004,Memphis Grizzlies
Miami Heat,2004,Miami Heat
Milwaukee Bucks,2004,Milwaukee Bucks
Minnesota Timberwolves,2004,Minnesota Timberwolves
New Jersey Nets,2004,Brooklyn Nets
New Orleans Hornets,2004,New Orleans Pelicans
New York Knicks,2004,New York Knicks
Orlando Magic,2004,Orlando Magic
Philadelphia 76ers,2004,Philadelphia 76ers
Phoenix Suns,2004,Phoenix Suns
Portland Trail Blazers,2004,Portland Trail Blazers
Sacramento Kings,2004,Sacramento Kings
San Antonio Spurs,2004,San Antonio Spurs
Seattle SuperSonics,2004,Oklahoma City Thunder
Toronto Raptors,2004,Toronto Raptors
Utah Jazz,2004,Utah Jazz
Washington Wizards,2004,Washington Wizards
Atlanta Hawks,2005,Atlanta Hawks
Boston Celtics,2005,Boston Celtics
Charlotte Bobcats,2005,Charlotte Hornets
Chicago Bulls,2005,Chicago Bulls
Cleveland Cavaliers,2005,Cleveland Cavaliers
Dallas Mavericks,2005,Dallas Mavericks
Denver Nuggets,2005,Denver Nuggets
Detroit Pistons,2005,Detroit Pistons
Golden State Warriors,2005,Golden State Warriors
Houston Rockets,2005,Houston Rockets
Indiana Pacers,2005,Indiana Pacers
Los Angeles Clippers,2005,Los Angeles Clippers
Los Angeles Lakers,2005,Los Angeles Lakers
Memphis Grizzlies,2005,Memphis Grizzlies
Miami Heat,2005,Miami Heat
Milwaukee Bucks,2005,Milwaukee Bucks
Minnesota Timberwolves,2005,Minnesota Timberwolves
New Jersey Nets,2005,Brooklyn Nets
New Orleans Hornets,2005,New Orleans Pelicans
New York Knicks,2005,New York Knicks
Orlando Magic,2005,Orlando Magic
Philadelphia 76ers,2005,Philadelphia 76ers
Phoenix Suns,2005,Phoenix Suns
Portland Trail Blazers,2005,Portland Trail Blazers
Sacramento Kings,2005,Sacramento Kings
San Antonio Spurs,2005,San Antonio Spurs
Seattle SuperSonics,2005,Oklahoma City Thunder
Toronto Raptors,2005,Toronto Raptors
Utah Jazz,2005,Utah Jazz
Washington Wizards,2005,Washington Wizards
Atlanta Hawks,2006,Atlanta Hawks
Boston Celtics,2006,Boston Celtics
Charlotte Bobcats,2006,Charlotte Hornets
Chicago Bulls,2006,Chicago Bulls
Cleveland Cavaliers,2006,Cleveland Cavaliers
Dallas Mavericks,2006,Dallas Mavericks
Denver Nuggets,2006,Denver Nuggets
Detroit Pistons,2006,Detroit Pistons
Golden State Warriors,2006,Golden State Warriors
Houston Rockets,2006,Houston Rockets
Indiana Pacers,2006,Indiana Pacers
Los Angeles Clippers,2006,Los Angeles Clippers
Los Angeles Lakers,2006,Los Angeles Lakers
Memphis Grizzlies,2006,Memphis Grizzlies
Miami Heat,2006,Miami Heat
Milwaukee Bucks,2006,Milwaukee Bucks
Minnesota Timberwolves,2006,Minnesota Timberwolves
New Jersey Nets,2006,Brooklyn Nets
New Orleans/Oklahoma City Hornets,2006,New Orleans Pelicans
New York Knicks,2006,New York Knicks
Orlando Magic,2006,Orlando Magic
Philadelphia 76ers,2006,Philadelphia 76ers
Phoenix Suns,2006,Phoenix Suns
Portland Trail Blazers,2006,Portland Trail Blazers
Sacramento Kings,2006,Sacramento Kings
San Antonio Spurs,2006,San Antonio Spurs
Seattle SuperSonics,2006,Oklahoma City Thunder
Toronto Raptors,2006,Toronto Raptors
Utah Jazz,2006,Utah Jazz
Washington Wizards,2006,Washington Wizards
Atlanta Hawks,2007,Atlanta Hawks
Boston Celtics,2007,Boston Celtics
Charlotte Bobcats,2007,Charlotte Hornets
Chicago Bulls,2007,Chicago Bulls
Cleveland Cavaliers,2007,Cleveland Cavaliers
Dallas Mavericks,2007,Dallas Mavericks
Denver Nuggets,2007,Denver Nuggets
Detroit Pistons,2007,Detroit Pistons
Golden State Warriors,2007,Golden State Warriors
Houston Rockets,2007,Houston Rockets
Indiana Pacers,2007,Indiana Pacers
Los Angeles Clippers,2007,Los Angeles Clippers
Los Angeles Lakers,2007,Los Angeles Lakers
Memphis Grizzlies,2007,Memphis Grizzlies
Miami Heat,2007,Miami Heat
Milwaukee Bucks,2007,Milwaukee Bucks
Minnesota Timberwolves,2007,Minnesota Timberwolves
New Jersey Nets,2007,Brooklyn Nets
New Orleans/Oklahoma City Hornets,2007,New Orleans Pelicans
New York Knicks,2007,New York Knicks
Orlando Magic,2007,Orlando Magic
Philadelphia 76ers,2007,Philadelphia 76ers
Phoenix Suns,2007,Phoenix Suns
Portland Trail Blazers,2007,Portland Trail Blazers
Sacramento Kings,2007,Sacramento Kings
San Antonio Spurs,2007,San Antonio Spurs
Seattle SuperSonics,2007,Oklahoma City Thunder
Toronto Raptors,2007,Toronto Raptors
Utah Jazz,2007,Utah Jazz
Washington Wizards,2007,Washington Wizards
Atlanta Hawks,2008,Atlanta Hawks
Boston Celtics,2008,Boston Celtics
Charlotte Bobcats,2008,Charlotte Hornets
Chicago Bulls,2008,Chicago Bulls
Cleveland Cavaliers,2008,Cleveland Cavaliers
Dallas Mavericks,2008,Dallas Mavericks
Denver Nuggets,2008,Denver Nuggets
Detroit Pistons,2008,Detroit Pistons
Golden State Warriors,2008,Golden State Warriors
Houston Rockets,2008,Houston Rockets
Indiana Pacers,2008,Indiana Pacers
Los Angeles Clippers,2008,Los Angeles Clippers
Los Angeles Lakers,2008,Los Angeles Lakers
Memphis Grizzlies,2008,Memphis Grizzlies
Miami Heat,2008,Miami Heat
Milwaukee Bucks,2008,Milwaukee Bucks
Minnesota Timberwolves,2008,Minnesota Timberwolves
New Jersey Nets,2008,Brooklyn Nets
New Orleans Hornets,2008,New Orleans Pelicans
New York Knicks,2008,New York Knicks
Orlando Magic,2008,Orlando Magic
Philadelphia 76ers,2008,Philadelphia 76ers
Phoenix Suns,2008,Phoenix Suns
Portland Trail Blazers,2008,Portland Trail Blazers
Sacramento Kings,2008,Sacramento Kings
San Antonio Spurs,2008,San Antonio Spurs
Seattle SuperSonics,2008,Oklahoma City Thunder
Toronto Raptors,2008,Toronto Raptors
Utah Jazz,2008,Utah Jazz
Washington Wizards,2008,Washington Wizards
Atlanta Hawks,2009,Atlanta Hawks
Boston Celtics,2009,Boston Celtics
Charlotte Bobcats,2009,Charlotte Hornets
Chicago Bulls,2009,Chicago Bulls
Cleveland Cavaliers,2009,Cleveland Cavaliers
Dallas Mavericks,2009,Dallas Mavericks
Denver Nuggets,2009,Denver Nuggets
Detroit Pistons,2009,Detroit Pistons
Golden State Warriors,2009,Golden State Warriors
Houston Rockets,2009,Houston Rockets
Indiana Pacers,2009,Indiana Pacers
Los Angeles Clippers,2009,Los Angeles Clippers
Los Angeles Lakers,2009,Los Angeles Lakers
Memphis Grizzlies,2009,Memphis Grizzlies
Miami Heat,2009,Miami Heat
Milwaukee Bucks,2009,Milwaukee Bucks
Minnesota Timberwolves,2009,Minnesota Timberwolves
New Jersey Nets,2009,Brooklyn Nets
New Orleans Hornets,2009,New Orleans Pelicans
New York Knicks,2009,New York Knicks
Oklahoma City Thunder,2009,Oklahoma City Thunder
Orlando Magic,2009,Orlando Magic
Philadelphia 76ers,2009,Philadelphia 76ers
Phoenix Suns,2009,Phoenix Suns
Portland Trail Blazers,2009,Portland Trail Blazers
Sacramento Kings,2009,Sacramento Kings
San Antonio Spurs,2009,San Antonio Spurs
Toronto Raptors,2009,Toronto Raptors
Utah Jazz,2009,Utah Jazz
Washington Wizards,2009,Washington Wizards
Atlanta Hawks,2010,Atlanta Hawks
Boston Celtics,2010,Boston Celtics
Charlotte Bobcats,2010,Charlotte Hornets
Chicago Bulls,2010,Chicago Bulls
Cleveland Cavaliers,2010,Cleveland Cavaliers
Dallas Mavericks,2010,Dallas Mavericks
Denver Nuggets,2010,Denver Nuggets
Detroit Pistons,2010,Detroit Pistons
Golden State Warriors,2010,Golden State Warriors
Houston Rockets,2010,Houston Rockets
Indiana Pacers,2010,Indiana Pacers
Los Angeles Clippers,2010,Los Angeles Clippers
Los Angeles Lakers,2010,Los Angeles Lakers
Memphis Grizzlies,2010,Memphis Grizzlies
Miami Heat,2010,Miami Heat
Milwaukee Bucks,2010,Milwaukee Bucks
Minnesota Timberwolves,2010,Minnesota Timberwolves
New Jersey Nets,2010,Brooklyn Nets
New Orleans Hornets,2010,New Orleans Pelicans
New York Knicks,2010,New York Knicks
Oklahoma City Thunder,2010,Oklahoma City Thunder
Orlando Magic,2010,Orlando Magic
Philadelphia 76ers,2010,Philadelphia 76ers
Phoenix Suns,2010,Phoenix Suns
Portland Trail Blazers,2010,Portland Trail Blazers
Sacramento Kings,2010,Sacramento Kings
San Antonio Spurs,2010,San Antonio Spurs
Toronto Raptors,2010,Toronto Raptors
Utah Jazz,2010,Utah Jazz
Washington Wizards,2010,Washington Wizards
Atlanta Hawks,2011,Atlanta Hawks
Boston Celtics,2011,Boston Celtics
Charlotte Bobcats,2011,Charlotte Hornets
Chicago Bulls,2011,Chicago Bulls
Cleveland Cavaliers,2011,Cleveland Cavaliers
Dallas Mavericks,2011,Dallas Mavericks
Denver Nuggets,2011,Denver Nuggets
Detroit Pistons,2011,Detroit Pistons
Golden State Warriors,2011,Golden State Warriors
Houston Rockets,2011,Houston Rockets
Indiana Pacers,2011,Indiana Pacers
Los Angeles Clippers,2011,Los Angeles Clippers
Los Angeles Lakers,2011,Los Angeles Lakers
Memphis Grizzlies,2011,Memphis Grizzlies
Miami Heat,2011,Miami Heat
Milwaukee Bucks,2011,Milwaukee Bucks
Minnesota Timberwolves,2011,Minnesota Timberwolves
New Jersey Nets,2011,Brooklyn Nets
New Orleans Hornets,2011,New Orleans Pelicans
New York Knicks,2011,New York Knicks
Oklahoma City Thunder,2011,Oklahoma City Thunder
Orlando Magic,2011,Orlando Magic
Philadelphia 76ers,2011,Philadelphia 76ers
Phoenix Suns,2011,Phoenix Suns
Portland Trail Blazers,2011,Portland Trail Blazers
Sacramento Kings,2011,Sacramento Kings
San Antonio Spurs,2011,San Antonio Spurs
Toronto Raptors,2011,Toronto Raptors
Utah Jazz,2011,Utah Jazz
Washington Wizards,2011,Washington Wizards
Atlanta Hawks,2012,Atlanta Hawks
Boston Celtics,2012,Boston Celtics
Charlotte Bobcats,2012,Charlotte Hornets
Chicago Bulls,2012,Chicago Bulls
Cleveland Cavaliers,2012,Cleveland Cavaliers
Dallas Mavericks,2012,Dallas Mavericks
Denver Nuggets,2012,Denver Nuggets
Detroit Pistons,2012,Detroit Pistons
Golden State Warriors,2012,Golden State Warriors
Houston Rockets,2012,Houston Rockets
Indiana Pacers,2012,Indiana Pacers
Los Angeles Clippers,2012,Los Angeles Clippers
Los Angeles Lakers,2012,Los Angeles Lakers
Memphis Grizzlies,2012,Memphis Grizzlies
Miami Heat,2012,Miami Heat
Milwaukee Bucks,2012,Milwaukee Bucks
Minnesota Timberwolves,2012,Minnesota Timberwolves
New Jersey Nets,2012,Brooklyn Nets
New Orleans Hornets,2012,New Orleans Pelicans
New York Knicks,2012,New York Knicks
Oklahoma City Thunder,2012,Oklahoma City Thunder
Orlando Magic,2012,Orlando Magic
Philadelphia 76ers,2012,Philadelphia 76ers
Phoenix Suns,2012,Phoenix Suns
Portland Trail Blazers,2012,Portland Trail Blazers
Sacramento Kings,2012,Sacramento Kings
San Antonio Spurs,2012,San Antonio Spurs
Toronto Raptors,2012,Toronto Raptors
Utah Jazz,2012,Utah Jazz
Washington Wizards,2012,Washington Wizards
Atlanta Hawks,2013,Atlanta Hawks
Boston Celtics,2013,Boston Celtics
Brooklyn Nets,2013,Brooklyn Nets
Charlotte Bobcats,2013,Charlotte Hornets
Chicago Bulls,2013,Chicago Bulls
Cleveland Cavaliers,2013,Cleveland Cavaliers
Dallas Mavericks,2013,Dallas Mavericks
Denver Nuggets,2013,Denver Nuggets
Detroit Pistons,2013,Detroit Pistons
Golden State Warriors,2013,Golden State Warriors
Houston Rockets,2013,Houston Rockets
Indiana Pacers,2013,Indiana Pacers
Los Angeles Clippers,2013,Los Angeles Clippers
Los Angeles Lakers,2013,Los Angeles Lakers
Memphis Grizzlies,2013,Memphis Grizzlies
Miami Heat,2013,Miami Heat
Milwaukee Bucks,2013,Milwaukee Bucks
Minnesota Timberwolves,2013,Minnesota Timberwolves
New Orleans Hornets,2013,New Orleans Pelicans
New York Knicks,2013,New York Knicks
Oklahoma City Thunder,2013,Oklahoma City Thunder
Orlando Magic,2013,Orlando Magic
Philadelphia 76ers,2013,Philadelphia 76ers
Phoenix Suns,2013,Phoenix Suns
Portland Trail Blazers,2013,Portland Trail Blazers
Sacramento Kings,2013,Sacramento Kings
San Antonio Spurs,2013,San Antonio Spurs
Toronto Raptors,2013,Toronto Raptors
Utah Jazz,2013,Utah Jazz
Washington Wizards,2013,Washington Wizards
Atlanta Hawks,2014,Atlanta Hawks
Boston Celtics,2014,Boston Celtics
Brooklyn Nets,2014,Brooklyn Nets
Charlotte Bobcats,2014,Charlotte Hornets
Chicago Bulls,2014,Chicago Bulls
Cleveland Cavaliers,2014,Cleveland Cavaliers
Dallas Mavericks,2014,Dallas Mavericks
Denver Nuggets,2014,Denver Nuggets
Detroit Pistons,2014,Detroit Pistons
Golden State Warriors,2014,Golden State Warriors
Houston Rockets,2014,Houston Rockets
Indiana Pacers,2014,Indiana Pacers
Los Angeles Clippers,2014,Los Angeles Clippers
Los Angeles Lakers,2014,Los Angeles Lakers
Memphis Grizzlies,2014,Memphis Grizzlies
Miami Heat,2014,Miami Heat
Milwaukee Bucks,2014,Milwaukee Bucks
Minnesota Timberwolves,2014,Minnesota Timberwolves
New Orleans Pelicans,2014,New Orleans Pelicans
New York Knicks,2014,New York Knicks
Oklahoma City Thunder,2014,Oklahoma City Thunder
Orlando Magic,2014,Orlando Magic
Philadelphia 76ers,2014,Philadelphia 76ers
Phoenix Suns,2014,Phoenix Suns
Portland Trail Blazers,2014,Portland Trail Blazers
Sacramento Kings,2014,Sacramento Kings
San Antonio Spurs,2014,San Antonio Spurs
Toronto Raptors,2014,Toronto Raptors
Utah Jazz,2014,Utah Jazz
Washington Wizards,2014,Washington Wizards
Atlanta Hawks,2015,Atlanta Hawks
Boston Celtics,2015,Boston Celtics
Brooklyn Nets,2015,Brooklyn Nets
Charlotte Hornets,2015,Charlotte Hornets
Chicago Bulls,2015,Chicago Bulls
Cleveland Cavaliers,2015,Cleveland Cavaliers
Dallas Mavericks,2015,Dallas Mavericks
Denver Nuggets,2015,Denver Nuggets
Detroit Pistons,2015,Detroit Pistons
Golden State Warriors,2015,Golden State Warriors
Houston Rockets,2015,Houston Rockets
Indiana Pacers,2015,Indiana Pacers
Los Angeles Clippers,2015,Los Angeles Clippers
Los Angeles Lakers,2015,Los Angeles Lakers
Memphis Grizzlies,2015,Memphis Grizzlies
Miami Heat,2015,Miami Heat
Milwaukee Bucks,2015,Milwaukee Bucks
Minnesota Timberwolves,2015,Minnesota Timberwolves
New Orleans Pelicans,2015,New Orleans Pelicans
New York Knicks,2015,New York Knicks
Oklahoma City Thunder,2015,Oklahoma City Thunder
Orlando Magic,2015,Orlando Magic
Philadelphia 76ers,2015,Philadelphia 76ers
Phoenix Suns,2015,Phoenix Suns
Portland Trail Blazers,2015,Portland Trail Blazers
Sacramento Kings,2015,Sacramento Kings
San Antonio Spurs,2015,San Antonio Spurs
Toronto Raptors,2015,Toronto Raptors
Utah Jazz,2015,Utah Jazz
Washington Wizards,2015,Washington Wizards
Atlanta Hawks,2016,Atlanta Hawks
Boston Celtics,2016,Boston Celtics
Brooklyn Nets,2016,Brooklyn Nets
Charlotte Hornets,2016,Charlotte Hornets
Chicago Bulls,2016,Chicago Bulls
Cleveland Cavaliers,2016,Cleveland Cavaliers
Dallas Mavericks,2016,Dallas Mavericks
Denver Nuggets,2016,Denver Nuggets
Detroit Pistons,2016,Detroit Pistons
Golden State Warriors,2016,Golden State Warriors
Houston Rockets,2016,Houston Rockets
Indiana Pacers,2016,Indiana Pacers
Los Angeles Clippers,2016,Los Angeles Clippers
Los Angeles Lakers,2016,Los Angeles Lakers
Memphis Grizzlies,2016,Memphis Grizzlies
Miami Heat,2016,Miami Heat
Milwaukee Bucks,2016,Milwaukee Bucks
Minnesota Timberwolves,2016,Minnesota Timberwolves
New Orleans Pelicans,2016,New Orleans Pelicans
New York Knicks,2016,New York Knicks
Oklahoma City Thunder,2016,Oklahoma City Thunder
Orlando Magic,2016,Orlando Magic
Philadelphia 76ers,2016,Philadelphia 76ers
Phoenix Suns,2016,Phoenix Suns
Portland Trail Blazers,2016,Portland Trail Blazers
Sacramento Kings,2016,Sacramento Kings
San Antonio Spurs,2016,San Antonio Spurs
Toronto Raptors,2016,Toronto Raptors
Utah Jazz,2016,Utah Jazz
Washington Wizards,2016,Washington Wizards
Atlanta Hawks,2017,Atlanta Hawks
Boston Celtics,2017,Boston Celtics
Brooklyn Nets,2017,Brooklyn Nets
Charlotte Hornets,2017,Charlotte Hornets
Chicago Bulls,2017,Chicago Bulls
Cleveland Cavaliers,2017,Cleveland Cavaliers
Dallas Mavericks,2017,Dallas Mavericks
Denver Nuggets,2017,Denver Nuggets
Detroit Pistons,2017,Detroit Pistons
Golden State Warriors,2017,Golden State Warriors
Houston Rockets,2017,Houston Rockets
Indiana Pacers,2017,Indiana Pacers
Los Angeles Clippers,2017,Los Angeles Clippers
Los Angeles Lakers,2017,Los Angeles Lakers
Memphis Grizzlies,2017,Memphis Grizzlies
Miami Heat,2017,Miami Heat
Milwaukee Bucks,2017,Milwaukee Bucks
Minnesota Timberwolves,2017,Minnesota Timberwolves
New Orleans Pelicans,2017,New Orleans Pelicans
New York Knicks,2017,New York Knicks
Oklahoma City Thunder,2017,Oklahoma City Thunder
Orlando Magic,2017,Orlando Magic
Philadelphia 76ers,2017,Philadelphia 76ers
Phoenix Suns,2017,Phoenix Suns
Portland Trail Blazers,2017,Portland Trail Blazers
Sacramento Kings,2017,Sacramento Kings
San Antonio Spurs,2017,San Antonio Spurs
Toronto Raptors,2017,Toronto Raptors
Utah Jazz,2017,Utah Jazz
Washington Wizards,2017,Washington Wizards
Atlanta Hawks,2018,Atlanta Hawks
Boston Celtics,2018,Boston Celtics
Brooklyn Nets,2018,Brooklyn Nets
Charlotte Hornets,2018,Charlotte Hornets
Chicago Bulls,2018,Chicago Bulls
Cleveland Cavaliers,2018,Cleveland Cavaliers
Dallas Mavericks,2018,Dallas Mavericks
Denver Nuggets,2018,Denver Nuggets
Detroit Pistons,2018,Detroit Pistons
Golden State Warriors,2018,Golden State Warriors
Houston Rockets,2018,Houston Rockets
Indiana Pacers,2018,Indiana Pacers
Los Angeles Clippers,2018,Los Angeles Clippers
Los Angeles Lakers,2018,Los Angeles Lakers
Memphis Grizzlies,2018,Memphis Grizzlies
Miami Heat,2018,Miami Heat
Milwaukee Bucks,2018,Milwaukee Bucks
Minnesota Timberwolves,2018,Minnesota Timberwolves
New Orleans Pelicans,2018,New Orleans Pelicans
New York Knicks,2018,New York Knicks
Oklahoma City Thunder,2018,Oklahoma City Thunder
Orlando Magic,2018,Orlando Magic
Philadelphia 76ers,2018,Philadelphia 76ers
Phoenix Suns,2018,Phoenix Suns
Portland Trail Blazers,2018,Portland Trail Blazers
Sacramento Kings,2018,Sacramento Kings
San Antonio Spurs,2018,San Antonio Spurs
Toronto Raptors,2018,Toronto Raptors
Utah Jazz,2018,Utah Jazz
Washington Wizards,2018,Washington Wizards
All Teams,,All Teams